[
	{
		"order_id": "ORD001",
		"customer_id": "CUST001",
		"order_date": "2024-11-01",
		"total_amount": 400.0,
		"status": "Completed",
		"payment_method": "Credit Card",
		"shipping_address": "123 Main St, City",
		"items": [
			{ "product_id": "P001", "quantity": 2, "price": 30.0 },
			{ "product_id": "P002", "quantity": 1, "price": 40.0 }
		]
	},
	{
		"order_id": "ORD002",
		"customer_id": "CUST002",
		"order_date": "2024-11-02",
		"total_amount": 80.0,
		"status": "Pending",
		"payment_method": "Debit",
		"shipping_address": "458 Oak St, Town",
		"items": [{ "product_id": "P003", "quantity": 1, "price": 80.0 }]
	},
	{
		"order_id": "ORD003",
		"customer_id": "CUST003",
		"order_date": "2024-11-03",
		"total_amount": 350.0,
		"status": "Completed",
		"payment_method": "PayPal",
		"shipping_address": "456 Oak St, Town",
		"items": [{ "product_id": "P004", "quantity": 2, "price": 50.0 }]
	}
]