categoryId,categoryName,description
1,Electronics,"Devices and gadgets such as phones, laptops, and accessories."
2,Fitness,"Fitness equipment, yoga mats, and workout gear."
3,Furniture,"Home and office furniture including desks, chairs, and tables."
4,Appliances,"Home appliances like refrigerators, washing machines, and ovens."
5,Books,"A wide range of books across different genres and topics."
6,Clothing,"Men's, women's, and kids' clothing and apparel."
7,Accessories,"Fashion and tech accessories like watches, bags, and headphones."
